{
  "generated_style2_sample0": {
    "success": true,
    "room_count": 17.0,
    "branching": 1.936842105263158,
    "linearity": 0.16842105263157894,
    "dead_end_rate": 0.24210526315789474,
    "loop_complexity": 14.0,
    "segment_size_variance": 3.536398891966759
  },
  "generated_style0_sample1": {
    "success": true,
    "room_count": 21.0,
    "branching": 1.8867924528301887,
    "linearity": 0.1320754716981132,
    "dead_end_rate": 0.29245283018867924,
    "loop_complexity": 15.0,
    "segment_size_variance": 2.8074937700249203
  },
  "generated_style4_sample0": {
    "success": true,
    "room_count": 18.0,
    "branching": 1.96,
    "linearity": 0.15,
    "dead_end_rate": 0.26,
    "loop_complexity": 16.0,
    "segment_size_variance": 3.4019
  },
  "generated_style4_sample2": {
    "success": true,
    "room_count": 17.0,
    "branching": 1.9615384615384615,
    "linearity": 0.19230769230769232,
    "dead_end_rate": 0.2692307692307692,
    "loop_complexity": 15.0,
    "segment_size_variance": 3.2071005917159763
  },
  "generated_style4_sample1": {
    "success": true,
    "room_count": 16.0,
    "branching": 2.0392156862745097,
    "linearity": 0.12745098039215685,
    "dead_end_rate": 0.22549019607843138,
    "loop_complexity": 18.0,
    "segment_size_variance": 3.292291426374471
  },
  "generated_style3_sample0": {
    "success": true,
    "room_count": 18.0,
    "branching": 2.0,
    "linearity": 0.14,
    "dead_end_rate": 0.21,
    "loop_complexity": 18.0,
    "segment_size_variance": 3.0256
  },
  "generated_style2_sample2": {
    "success": true,
    "room_count": 20.0,
    "branching": 1.941747572815534,
    "linearity": 0.1553398058252427,
    "dead_end_rate": 0.2524271844660194,
    "loop_complexity": 17.0,
    "segment_size_variance": 2.9135639551324353
  },
  "generated_style1_sample0": {
    "success": true,
    "room_count": 19.0,
    "branching": 1.9603960396039604,
    "linearity": 0.15841584158415842,
    "dead_end_rate": 0.22772277227722773,
    "loop_complexity": 17.0,
    "segment_size_variance": 3.014998529555926
  },
  "generated_style1_sample2": {
    "success": true,
    "room_count": 18.0,
    "branching": 1.9795918367346939,
    "linearity": 0.1326530612244898,
    "dead_end_rate": 0.25510204081632654,
    "loop_complexity": 17.0,
    "segment_size_variance": 3.1300499791753436
  },
  "generated_style0_sample0": {
    "success": true,
    "room_count": 15.0,
    "branching": 2.0202020202020203,
    "linearity": 0.20202020202020202,
    "dead_end_rate": 0.25252525252525254,
    "loop_complexity": 16.0,
    "segment_size_variance": 3.4076114682175294
  },
  "generated_style1_sample1": {
    "success": true,
    "room_count": 17.0,
    "branching": 1.9411764705882353,
    "linearity": 0.18627450980392157,
    "dead_end_rate": 0.2549019607843137,
    "loop_complexity": 14.0,
    "segment_size_variance": 2.9119569396386
  },
  "generated_style2_sample1": {
    "success": true,
    "room_count": 18.0,
    "branching": 1.900990099009901,
    "linearity": 0.18811881188118812,
    "dead_end_rate": 0.2871287128712871,
    "loop_complexity": 13.0,
    "segment_size_variance": 2.956180766591511
  },
  "generated_style0_sample2": {
    "success": true,
    "room_count": 20.0,
    "branching": 2.01980198019802,
    "linearity": 0.1188118811881188,
    "dead_end_rate": 0.21782178217821782,
    "loop_complexity": 21.0,
    "segment_size_variance": 3.0514655425938635
  },
  "generated_style3_sample2": {
    "success": true,
    "room_count": 19.0,
    "branching": 1.9423076923076923,
    "linearity": 0.17307692307692307,
    "dead_end_rate": 0.2403846153846154,
    "loop_complexity": 16.0,
    "segment_size_variance": 2.9118897928994087
  },
  "generated_style3_sample1": {
    "success": true,
    "room_count": 18.0,
    "branching": 1.9411764705882353,
    "linearity": 0.18627450980392157,
    "dead_end_rate": 0.24509803921568626,
    "loop_complexity": 15.0,
    "segment_size_variance": 3.390330642060745
  }
}