{
  "generated_style2_sample0": {
    "success": true,
    "room_count": 11.0,
    "branching": 2.2,
    "linearity": 0.34444444444444444,
    "dead_end_rate": 0.26666666666666666,
    "loop_complexity": 20.0,
    "segment_size_variance": 3.2844444444444445
  },
  "generated_style0_sample1": {
    "success": true,
    "room_count": 12.0,
    "branching": 2.1758241758241756,
    "linearity": 0.3076923076923077,
    "dead_end_rate": 0.2857142857142857,
    "loop_complexity": 20.0,
    "segment_size_variance": 3.6464195145513827
  },
  "generated_style4_sample0": {
    "success": true,
    "room_count": 10.0,
    "branching": 2.260869565217391,
    "linearity": 0.32608695652173914,
    "dead_end_rate": 0.2826086956521739,
    "loop_complexity": 22.0,
    "segment_size_variance": 3.2224716446124764
  },
  "generated_style4_sample2": {
    "success": true,
    "room_count": 14.0,
    "branching": 2.1666666666666665,
    "linearity": 0.3333333333333333,
    "dead_end_rate": 0.2604166666666667,
    "loop_complexity": 22.0,
    "segment_size_variance": 3.1662326388888893
  },
  "generated_style4_sample1": {
    "success": true,
    "room_count": 9.0,
    "branching": 2.2444444444444445,
    "linearity": 0.3333333333333333,
    "dead_end_rate": 0.26666666666666666,
    "loop_complexity": 20.0,
    "segment_size_variance": 3.309135802469136
  },
  "generated_style3_sample0": {
    "success": true,
    "room_count": 12.0,
    "branching": 2.130434782608696,
    "linearity": 0.33695652173913043,
    "dead_end_rate": 0.2608695652173913,
    "loop_complexity": 18.0,
    "segment_size_variance": 3.5793950850661624
  },
  "generated_style2_sample2": {
    "success": true,
    "room_count": 12.0,
    "branching": 2.134831460674157,
    "linearity": 0.30337078651685395,
    "dead_end_rate": 0.3146067415730337,
    "loop_complexity": 18.0,
    "segment_size_variance": 3.6515591465724024
  },
  "generated_style1_sample0": {
    "success": true,
    "room_count": 11.0,
    "branching": 2.1839080459770117,
    "linearity": 0.3333333333333333,
    "dead_end_rate": 0.28735632183908044,
    "loop_complexity": 19.0,
    "segment_size_variance": 3.746597965385123
  },
  "generated_style1_sample2": {
    "success": true,
    "room_count": 11.0,
    "branching": 2.25,
    "linearity": 0.3068181818181818,
    "dead_end_rate": 0.2840909090909091,
    "loop_complexity": 22.0,
    "segment_size_variance": 3.6920196280991733
  },
  "generated_style0_sample0": {
    "success": true,
    "room_count": 9.0,
    "branching": 2.2736842105263158,
    "linearity": 0.28421052631578947,
    "dead_end_rate": 0.2736842105263158,
    "loop_complexity": 22.0,
    "segment_size_variance": 3.512908587257617
  },
  "generated_style1_sample1": {
    "success": true,
    "room_count": 11.0,
    "branching": 2.1379310344827585,
    "linearity": 0.3448275862068966,
    "dead_end_rate": 0.3103448275862069,
    "loop_complexity": 17.0,
    "segment_size_variance": 3.7241379310344827
  },
  "generated_style2_sample1": {
    "success": true,
    "room_count": 13.0,
    "branching": 2.2247191011235956,
    "linearity": 0.3146067415730337,
    "dead_end_rate": 0.29213483146067415,
    "loop_complexity": 23.0,
    "segment_size_variance": 3.7189748769094813
  },
  "generated_style0_sample2": {
    "success": true,
    "room_count": 12.0,
    "branching": 2.227272727272727,
    "linearity": 0.3068181818181818,
    "dead_end_rate": 0.2727272727272727,
    "loop_complexity": 22.0,
    "segment_size_variance": 3.726756198347107
  },
  "generated_style3_sample2": {
    "success": true,
    "room_count": 9.0,
    "branching": 2.241758241758242,
    "linearity": 0.32967032967032966,
    "dead_end_rate": 0.27472527472527475,
    "loop_complexity": 20.0,
    "segment_size_variance": 3.24501871754619
  },
  "generated_style3_sample1": {
    "success": true,
    "room_count": 10.0,
    "branching": 2.3043478260869565,
    "linearity": 0.30434782608695654,
    "dead_end_rate": 0.2608695652173913,
    "loop_complexity": 24.0,
    "segment_size_variance": 3.604442344045369
  }
}